MEDICINA	UFAC	Rio Branco	AC	827.21	0	A	Ampla concorrência
MEDICINA	UFAC	Rio Branco	AC	713.02	2	L	Candidatos autodeclarados pretos, pardos ou indígenas, com renda familiar bruta per capita igual ou inferior a 1,5 salário mínimo e que tenham cursado integralmente o ensino médio em escolas públicas (Lei nº 12.711/2012).
MEDICINA	UFAC	Rio Branco	AC	628.70	10	L	Candidatos com deficiência autodeclarados pretos, pardos ou indígenas, que tenham renda familiar bruta per capita igual ou inferior a 1,5 salário mínimo e que tenham cursado integralmente o ensino médio em escolas públicas (Lei nº 12.711/2012)
MEDICINA	UFAC	Rio Branco	AC	736.42	1	L	Candidatos com renda familiar bruta per capita igual ou inferior a 1,5 salário mínimo que tenham cursado integralmente o ensino médio em escolas públicas (Lei nº 12.711/2012).
MEDICINA	UFAC	Rio Branco	AC	736.36	9	L	Candidatos com deficiência que tenham renda familiar bruta per capita igual ou inferior a 1,5 salário mínimo e que tenham cursado integralmente o ensino médio em escolas públicas (Lei nº 12.711/2012).
MEDICINA	UFAC	Rio Branco	AC	714.82	6	L	Candidatos autodeclarados pretos, pardos ou indígenas que, independentemente da renda (art. 14, II, Portaria Normativa nº 18/2012), tenham cursado integralmente o ensino médio em escolas públicas (Lei nº 12.711/2012).
MEDICINA	UFAC	Rio Branco	AC	662.66	14	L	Candidatos com deficiência autodeclarados pretos, pardos ou indígenas que, independentemente da renda (art. 14, II, Portaria Normativa nº 18/2012), tenham cursado integralmente o ensino médio em escolas públicas (Lei nº 12.711/2012).
MEDICINA	UFAC	Rio Branco	AC	753.13	5	L	Candidatos que, independentemente da renda (art. 14, II, Portaria Normativa nº 18/2012), tenham cursado integralmente o ensino médio em escolas públicas (Lei nº 12.711/2012).
MEDICINA	UFAC	Rio Branco	AC	684.06	13	L	Candidatos com deficiência que, independentemente da renda (art. 14, II, Portaria Normativa nº 18/2012), tenham cursado integralmente o ensino médio em escolas públicas (Lei nº 12.711/2012).
MEDICINA	UFAC	Rio Branco	AC	827.21	3991	B	que tenham cursado todo o Ensino Médio, presencial e regular, em escolas privadas ou públicas da região do Estado do Acre (Ampla Concorrência)
MEDICINA	UFAC	Rio Branco	AC	731.78	3990	V	com deficiência
MEDICINA	UEFS	Feira de Santana	BA	762.11	0	A	Ampla concorrência
MEDICINA	UEFS	Feira de Santana	BA	726.07	3897	V	Candidatos com Deficiência
MEDICINA	UEFS	Feira de Santana	BA	711.97	3896	V	Candidatos Transexuais, Travestis e Transgêneros
MEDICINA	UEFS	Feira de Santana	BA	616.97	3895	V	membros de comunidade cigana
MEDICINA	UEFS	Feira de Santana	BA	659.18	3893	V	membros de comunidade quilombola
MEDICINA	UEFS	Feira de Santana	BA	706.72	3894	V	membros de grupos indígenas
MEDICINA	UEFS	Feira de Santana	BA	717.77	3891	V	que se declararem negros que tenham cursado todo o ensino médio e pelo menos quatro anos do Ensino Fundamental em escola pública
MEDICINA	UEFS	Feira de Santana	BA	741.03	3892	V	que tenham cursado todo o ensino médio e pelo menos quatro anos do Ensino Fundamental em escola pública
MEDICINA	UFBA	Salvador	BA	767.86	0	A	Ampla concorrência
MEDICINA	UFBA	Salvador	BA	720.03	2	L	Candidatos autodeclarados pretos, pardos ou indígenas, com renda familiar bruta per capita igual ou inferior a 1,5 salário mínimo e que tenham cursado integralmente o ensino médio em escolas públicas (Lei nº 12.711/2012).
MEDICINA	UFBA	Salvador	BA	696.38	10	L	Candidatos com deficiência autodeclarados pretos, pardos ou indígenas, que tenham renda familiar bruta per capita igual ou inferior a 1,5 salário mínimo e que tenham cursado integralmente o ensino médio em escolas públicas (Lei nº 12.711/2012)
MEDICINA	UFBA	Salvador	BA	744.59	1	L	Candidatos com renda familiar bruta per capita igual ou inferior a 1,5 salário mínimo que tenham cursado integralmente o ensino médio em escolas públicas (Lei nº 12.711/2012).
MEDICINA	UFBA	Salvador	BA	724.61	6	L	Candidatos autodeclarados pretos, pardos ou indígenas que, independentemente da renda (art. 14, II, Portaria Normativa nº 18/2012), tenham cursado integralmente o ensino médio em escolas públicas (Lei nº 12.711/2012).
MEDICINA	UFBA	Salvador	BA	687.93	14	L	Candidatos com deficiência autodeclarados pretos, pardos ou indígenas que, independentemente da renda (art. 14, II, Portaria Normativa nº 18/2012), tenham cursado integralmente o ensino médio em escolas públicas (Lei nº 12.711/2012).
MEDICINA	UFBA	Salvador	BA	766.37	5	L	Candidatos que, independentemente da renda (art. 14, II, Portaria Normativa nº 18/2012), tenham cursado integralmente o ensino médio em escolas públicas (Lei nº 12.711/2012).
MEDICINA	UNEB	Salvador	BA	772.75	0	A	Ampla concorrência
MEDICINA	UNEB	Salvador	BA	571.79	3923	V	Candidatos Ciganos que tenham cursado todo o 2º Ciclo do Ensino Fundamental e o Ensino Médio exclusivamente em escola pública, que tenham renda bruta familiar mensal inferior ou igual a 04 (quatro) vezes o valor do salário mínimo nacional vigente no ato da matrícula e que não possuam título de graduação.
MEDICINA	UNEB	Salvador	BA	682.60	3924	V	Candidatos com deficiência, transtorno do espectro autista e altas habilidades que tenham cursado todo o 2º Ciclo do Ensino Fundamental e o Ensino Médio exclusivamente em escola pública, que tenham renda bruta familiar mensal inferior ou igual a 04 (quatro) vezes o valor do salário mínimo nacional vigente no ato da matrícula e que não possuam título de graduação.
MEDICINA	UNEB	Salvador	BA	677.95	3610	V	Candidatos Indígenas que tenham cursado todo o 2º Ciclo do Ensino Fundamental e o Ensino Médio exclusivamente em escola pública, que tenham renda bruta familiar mensal inferior ou igual a 04 (quatro) vezes o valor do salário mínimo nacional vigente no ato da matrícula e que não possuam título de graduação.
MEDICINA	UNEB	Salvador	BA	719.72	3609	V	Candidatos Negros que tenham cursado todo o 2º Ciclo do Ensino Fundamental e o Ensino Médio exclusivamente em escola pública, que tenham renda bruta familiar mensal inferior ou igual a 04 (quatro) vezes o valor do salário mínimo nacional vigente no ato da matrícula e que não possuam título de graduação.
MEDICINA	UNEB	Salvador	BA	739.71	3941	V	Candidatos Quilombolas que tenham cursado todo o 2º Ciclo do Ensino Fundamental e o Ensino Médio exclusivamente em escola pública, que tenham renda bruta familiar mensal inferior ou igual a 04 (quatro) vezes o valor do salário mínimo nacional vigente no ato da matrícula e que não possuam título de graduação.
MEDICINA	UNEB	Salvador	BA	707.99	3925	V	Candidatos Transexuais, travestis e transgêneros que tenham cursado todo o 2º Ciclo do Ensino Fundamental e o Ensino Médio exclusivamente em escola pública, que tenham renda bruta familiar mensal inferior ou igual a 04 (quatro) vezes o valor do salário mínimo nacional vigente no ato da matrícula e que não possuam título de graduação.
MEDICINA	UFRB	Santo Antônio de Jesus	BA	771.00	0	A	Ampla concorrência
MEDICINA	UFRB	Santo Antônio de Jesus	BA	721.14	2	L	Candidatos autodeclarados pretos, pardos ou indígenas, com renda familiar bruta per capita igual ou inferior a 1,5 salário mínimo e que tenham cursado integralmente o ensino médio em escolas públicas (Lei nº 12.711/2012).
MEDICINA	UFRB	Santo Antônio de Jesus	BA	675.92	10	L	Candidatos com deficiência autodeclarados pretos, pardos ou indígenas, que tenham renda familiar bruta per capita igual ou inferior a 1,5 salário mínimo e que tenham cursado integralmente o ensino médio em escolas públicas (Lei nº 12.711/2012)
MEDICINA	UFRB	Santo Antônio de Jesus	BA	771.88	1	L	Candidatos com renda familiar bruta per capita igual ou inferior a 1,5 salário mínimo que tenham cursado integralmente o ensino médio em escolas públicas (Lei nº 12.711/2012).
MEDICINA	UFRB	Santo Antônio de Jesus	BA	725.18	6	L	Candidatos autodeclarados pretos, pardos ou indígenas que, independentemente da renda (art. 14, II, Portaria Normativa nº 18/2012), tenham cursado integralmente o ensino médio em escolas públicas (Lei nº 12.711/2012).
MEDICINA	UFRB	Santo Antônio de Jesus	BA	666.66	14	L	Candidatos com deficiência autodeclarados pretos, pardos ou indígenas que, independentemente da renda (art. 14, II, Portaria Normativa nº 18/2012), tenham cursado integralmente o ensino médio em escolas públicas (Lei nº 12.711/2012).
MEDICINA	UFRB	Santo Antônio de Jesus	BA	789.70	5	L	Candidatos que, independentemente da renda (art. 14, II, Portaria Normativa nº 18/2012), tenham cursado integralmente o ensino médio em escolas públicas (Lei nº 12.711/2012).
MEDICINA	UFRB	Santo Antônio de Jesus	BA	756.32	3988	V	com Deficiência, Transtorno do Espectro Autista, Altas Habilidades/Superdotação e/ou estudantes que sejam público alvo da educação especial
MEDICINA	UESB	Vitória da Conquista	BA	778.62	0	A	Ampla concorrência
MEDICINA	UESB	Vitória da Conquista	BA	743.33	3898	V	Candidato (s) autodeclarados negros (somatório das categorias pretos e pardos, segundo classificação étnico-racial adotada pelo IBGE) que tenham cursado o ensino fundamental 2 (do 6º ao 9º ano) e ensino medio completo ( incluindo os cursos técnicos com duração de 4 anos) ou ter realizado curso supletivo ou outra modalidade de ensino equivalente, em estabelecimento da Rede Pública de Ensino do Brasil. Vedado aos portadores de diploma de nível superior
MEDICINA	UESB	Vitória da Conquista	BA	761.63	3899	V	Candidato (s) com procedência de no mínimo sete anos de estudos regulares ou que tenham realizado curso supletivo ou outra modalidade de ensino equivalente, em estabelecimento da Rede Pública de Ensino do Brasil, compreendendo parte do ensino fundamental (6º ao 9º ano) e Ensino Médio  completo (incluindo os cursos técnicos com duração de 4 anos) ou ter realizado curso supletivo ou outra modalidade de ensino equivalente.
MEDICINA	UFCA	Barbalha	CE	770.24	0	A	Ampla concorrência
MEDICINA	UFCA	Barbalha	CE	721.96	2	L	Candidatos autodeclarados pretos, pardos ou indígenas, com renda familiar bruta per capita igual ou inferior a 1,5 salário mínimo e que tenham cursado integralmente o ensino médio em escolas públicas (Lei nº 12.711/2012).
MEDICINA	UFCA	Barbalha	CE	721.61	10	L	Candidatos com deficiência autodeclarados pretos, pardos ou indígenas, que tenham renda familiar bruta per capita igual ou inferior a 1,5 salário mínimo e que tenham cursado integralmente o ensino médio em escolas públicas (Lei nº 12.711/2012)
MEDICINA	UFCA	Barbalha	CE	738.75	1	L	Candidatos com renda familiar bruta per capita igual ou inferior a 1,5 salário mínimo que tenham cursado integralmente o ensino médio em escolas públicas (Lei nº 12.711/2012).
MEDICINA	UFCA	Barbalha	CE	689.31	9	L	Candidatos com deficiência que tenham renda familiar bruta per capita igual ou inferior a 1,5 salário mínimo e que tenham cursado integralmente o ensino médio em escolas públicas (Lei nº 12.711/2012).
MEDICINA	UFCA	Barbalha	CE	728.10	6	L	Candidatos autodeclarados pretos, pardos ou indígenas que, independentemente da renda (art. 14, II, Portaria Normativa nº 18/2012), tenham cursado integralmente o ensino médio em escolas públicas (Lei nº 12.711/2012).
MEDICINA	UFCA	Barbalha	CE	760.86	14	L	Candidatos com deficiência autodeclarados pretos, pardos ou indígenas que, independentemente da renda (art. 14, II, Portaria Normativa nº 18/2012), tenham cursado integralmente o ensino médio em escolas públicas (Lei nº 12.711/2012).
MEDICINA	UFCA	Barbalha	CE	769.65	5	L	Candidatos que, independentemente da renda (art. 14, II, Portaria Normativa nº 18/2012), tenham cursado integralmente o ensino médio em escolas públicas (Lei nº 12.711/2012).
MEDICINA	UFCA	Barbalha	CE	719.30	13	L	Candidatos com deficiência que, independentemente da renda (art. 14, II, Portaria Normativa nº 18/2012), tenham cursado integralmente o ensino médio em escolas públicas (Lei nº 12.711/2012).
MEDICINA	UFES	Vitória	ES	786.53	0	A	Ampla concorrência
MEDICINA	UFES	Vitória	ES	739.34	2	L	Candidatos autodeclarados pretos, pardos ou indígenas, com renda familiar bruta per capita igual ou inferior a 1,5 salário mínimo e que tenham cursado integralmente o ensino médio em escolas públicas (Lei nº 12.711/2012).
MEDICINA	UFES	Vitória	ES	.00	10	L	Candidatos com deficiência autodeclarados pretos, pardos ou indígenas, que tenham renda familiar bruta per capita igual ou inferior a 1,5 salário mínimo e que tenham cursado integralmente o ensino médio em escolas públicas (Lei nº 12.711/2012)
MEDICINA	UFES	Vitória	ES	758.74	1	L	Candidatos com renda familiar bruta per capita igual ou inferior a 1,5 salário mínimo que tenham cursado integralmente o ensino médio em escolas públicas (Lei nº 12.711/2012).
MEDICINA	UFES	Vitória	ES	744.64	6	L	Candidatos autodeclarados pretos, pardos ou indígenas que, independentemente da renda (art. 14, II, Portaria Normativa nº 18/2012), tenham cursado integralmente o ensino médio em escolas públicas (Lei nº 12.711/2012).
MEDICINA	UFES	Vitória	ES	.00	14	L	Candidatos com deficiência autodeclarados pretos, pardos ou indígenas que, independentemente da renda (art. 14, II, Portaria Normativa nº 18/2012), tenham cursado integralmente o ensino médio em escolas públicas (Lei nº 12.711/2012).
MEDICINA	UFES	Vitória	ES	784.20	5	L	Candidatos que, independentemente da renda (art. 14, II, Portaria Normativa nº 18/2012), tenham cursado integralmente o ensino médio em escolas públicas (Lei nº 12.711/2012).
MEDICINA	UFMA	Imperatriz	MA	903.86	0	A	Ampla concorrência
MEDICINA	UFMA	Imperatriz	MA	733.48	3	L	Candidatos autodeclarados pretos ou pardos, com renda familiar bruta per capita igual ou inferior a 1,5 salário mínimo que tenham cursado integralmente o ensino médio em escolas públicas (Lei nº 12.711/2012).
MEDICINA	UFMA	Imperatriz	MA	724.42	4	L	Candidatos autodeclarados indígenas, com renda familiar bruta per capita igual ou inferior a 1,5 salário mínimo e  que tenham cursado integralmente o ensino médio em escolas públicas (Lei nº 12.711/2012).
MEDICINA	UFMA	Imperatriz	MA	702.30	11	L	Candidatos com deficiência autodeclarados pretos ou pardos, que tenham renda familiar bruta per capita igual ou inferior a 1,5 salário mínimo e que tenham cursado integralmente o ensino médio em escolas públicas (Lei nº 12.711/2012).
MEDICINA	UFMA	Imperatriz	MA	747.12	1	L	Candidatos com renda familiar bruta per capita igual ou inferior a 1,5 salário mínimo que tenham cursado integralmente o ensino médio em escolas públicas (Lei nº 12.711/2012).
MEDICINA	UFMA	Imperatriz	MA	722.82	7	L	Candidatos autodeclarados pretos ou pardos que, independentemente da renda (art. 14, II, Portaria Normativa nº 18/2012), tenham cursado integralmente o ensino médio em escolas públicas (Lei nº 12.711/2012).
MEDICINA	UFMA	Imperatriz	MA	717.82	8	L	Candidatos autodeclarados indígenas que, independentemente da renda (art. 14, II, Portaria Normativa nº 18/2012), tenham cursado integralmente o ensino médio em escolas públicas (Lei nº 12.711/2012).
MEDICINA	UFMA	Imperatriz	MA	644.74	15	L	Candidatos com deficiência autodeclarados pretos ou pardos que, independentemente da renda (art. 14, II, Portaria Normativa nº 18/2012), tenham cursado integralmente o ensino médio em escolas públicas (Lei nº 12.711/2012).
MEDICINA	UFMA	Imperatriz	MA	766.34	5	L	Candidatos que, independentemente da renda (art. 14, II, Portaria Normativa nº 18/2012), tenham cursado integralmente o ensino médio em escolas públicas (Lei nº 12.711/2012).
MEDICINA	UFMA	Imperatriz	MA	903.86	3986	B	que cursaram o último ano do Ensino Fundamental (9º ano) e os três anos do Ensino Médio (1º ao 3º ano) em escolas públicas ou privadas do Estado do Maranhão.
MEDICINA	UFMA	Pinheiro	MA	901.30	0	A	Ampla concorrência
MEDICINA	UFMA	Pinheiro	MA	723.34	3	L	Candidatos autodeclarados pretos ou pardos, com renda familiar bruta per capita igual ou inferior a 1,5 salário mínimo que tenham cursado integralmente o ensino médio em escolas públicas (Lei nº 12.711/2012).
MEDICINA	UFMA	Pinheiro	MA	653.08	4	L	Candidatos autodeclarados indígenas, com renda familiar bruta per capita igual ou inferior a 1,5 salário mínimo e  que tenham cursado integralmente o ensino médio em escolas públicas (Lei nº 12.711/2012).
MEDICINA	UFMA	Pinheiro	MA	656.54	11	L	Candidatos com deficiência autodeclarados pretos ou pardos, que tenham renda familiar bruta per capita igual ou inferior a 1,5 salário mínimo e que tenham cursado integralmente o ensino médio em escolas públicas (Lei nº 12.711/2012).
MEDICINA	UFMA	Pinheiro	MA	768.08	1	L	Candidatos com renda familiar bruta per capita igual ou inferior a 1,5 salário mínimo que tenham cursado integralmente o ensino médio em escolas públicas (Lei nº 12.711/2012).
MEDICINA	UFMA	Pinheiro	MA	722.78	7	L	Candidatos autodeclarados pretos ou pardos que, independentemente da renda (art. 14, II, Portaria Normativa nº 18/2012), tenham cursado integralmente o ensino médio em escolas públicas (Lei nº 12.711/2012).
MEDICINA	UFMA	Pinheiro	MA	726.86	8	L	Candidatos autodeclarados indígenas que, independentemente da renda (art. 14, II, Portaria Normativa nº 18/2012), tenham cursado integralmente o ensino médio em escolas públicas (Lei nº 12.711/2012).
MEDICINA	UFMA	Pinheiro	MA	682.56	15	L	Candidatos com deficiência autodeclarados pretos ou pardos que, independentemente da renda (art. 14, II, Portaria Normativa nº 18/2012), tenham cursado integralmente o ensino médio em escolas públicas (Lei nº 12.711/2012).
MEDICINA	UFMA	Pinheiro	MA	749.96	5	L	Candidatos que, independentemente da renda (art. 14, II, Portaria Normativa nº 18/2012), tenham cursado integralmente o ensino médio em escolas públicas (Lei nº 12.711/2012).
MEDICINA	UFMA	Pinheiro	MA	901.30	3986	B	que cursaram o último ano do Ensino Fundamental (9º ano) e os três anos do Ensino Médio (1º ao 3º ano) em escolas públicas ou privadas do Estado do Maranhão.
MEDICINA	UFMA	São Luís	MA	917.21	0	A	Ampla concorrência
MEDICINA	UFMA	São Luís	MA	726.00	3	L	Candidatos autodeclarados pretos ou pardos, com renda familiar bruta per capita igual ou inferior a 1,5 salário mínimo que tenham cursado integralmente o ensino médio em escolas públicas (Lei nº 12.711/2012).
MEDICINA	UFMA	São Luís	MA	691.70	4	L	Candidatos autodeclarados indígenas, com renda familiar bruta per capita igual ou inferior a 1,5 salário mínimo e  que tenham cursado integralmente o ensino médio em escolas públicas (Lei nº 12.711/2012).
MEDICINA	UFMA	São Luís	MA	682.16	11	L	Candidatos com deficiência autodeclarados pretos ou pardos, que tenham renda familiar bruta per capita igual ou inferior a 1,5 salário mínimo e que tenham cursado integralmente o ensino médio em escolas públicas (Lei nº 12.711/2012).
MEDICINA	UFMA	São Luís	MA	747.04	1	L	Candidatos com renda familiar bruta per capita igual ou inferior a 1,5 salário mínimo que tenham cursado integralmente o ensino médio em escolas públicas (Lei nº 12.711/2012).
MEDICINA	UFMA	São Luís	MA	731.84	7	L	Candidatos autodeclarados pretos ou pardos que, independentemente da renda (art. 14, II, Portaria Normativa nº 18/2012), tenham cursado integralmente o ensino médio em escolas públicas (Lei nº 12.711/2012).
MEDICINA	UFMA	São Luís	MA	713.22	8	L	Candidatos autodeclarados indígenas que, independentemente da renda (art. 14, II, Portaria Normativa nº 18/2012), tenham cursado integralmente o ensino médio em escolas públicas (Lei nº 12.711/2012).
MEDICINA	UFMA	São Luís	MA	694.58	15	L	Candidatos com deficiência autodeclarados pretos ou pardos que, independentemente da renda (art. 14, II, Portaria Normativa nº 18/2012), tenham cursado integralmente o ensino médio em escolas públicas (Lei nº 12.711/2012).
MEDICINA	UFMA	São Luís	MA	760.66	5	L	Candidatos que, independentemente da renda (art. 14, II, Portaria Normativa nº 18/2012), tenham cursado integralmente o ensino médio em escolas públicas (Lei nº 12.711/2012).
MEDICINA	UFMA	São Luís	MA	917.21	3986	B	que cursaram o último ano do Ensino Fundamental (9º ano) e os três anos do Ensino Médio (1º ao 3º ano) em escolas públicas ou privadas do Estado do Maranhão.
MEDICINA	UFVJM	Diamantina	MG	785.08	0	A	Ampla concorrência
MEDICINA	UFVJM	Diamantina	MG	738.16	2	L	Candidatos autodeclarados pretos, pardos ou indígenas, com renda familiar bruta per capita igual ou inferior a 1,5 salário mínimo e que tenham cursado integralmente o ensino médio em escolas públicas (Lei nº 12.711/2012).
MEDICINA	UFVJM	Diamantina	MG	758.75	1	L	Candidatos com renda familiar bruta per capita igual ou inferior a 1,5 salário mínimo que tenham cursado integralmente o ensino médio em escolas públicas (Lei nº 12.711/2012).
MEDICINA	UFVJM	Diamantina	MG	742.60	6	L	Candidatos autodeclarados pretos, pardos ou indígenas que, independentemente da renda (art. 14, II, Portaria Normativa nº 18/2012), tenham cursado integralmente o ensino médio em escolas públicas (Lei nº 12.711/2012).
MEDICINA	UFVJM	Diamantina	MG	769.98	5	L	Candidatos que, independentemente da renda (art. 14, II, Portaria Normativa nº 18/2012), tenham cursado integralmente o ensino médio em escolas públicas (Lei nº 12.711/2012).
MEDICINA	UFSJ	Divinópolis	MG	775.78	0	A	Ampla concorrência
MEDICINA	UFSJ	Divinópolis	MG	729.16	2	L	Candidatos autodeclarados pretos, pardos ou indígenas, com renda familiar bruta per capita igual ou inferior a 1,5 salário mínimo e que tenham cursado integralmente o ensino médio em escolas públicas (Lei nº 12.711/2012).
MEDICINA	UFSJ	Divinópolis	MG	702.13	10	L	Candidatos com deficiência autodeclarados pretos, pardos ou indígenas, que tenham renda familiar bruta per capita igual ou inferior a 1,5 salário mínimo e que tenham cursado integralmente o ensino médio em escolas públicas (Lei nº 12.711/2012)
MEDICINA	UFSJ	Divinópolis	MG	754.03	1	L	Candidatos com renda familiar bruta per capita igual ou inferior a 1,5 salário mínimo que tenham cursado integralmente o ensino médio em escolas públicas (Lei nº 12.711/2012).
MEDICINA	UFSJ	Divinópolis	MG	731.31	6	L	Candidatos autodeclarados pretos, pardos ou indígenas que, independentemente da renda (art. 14, II, Portaria Normativa nº 18/2012), tenham cursado integralmente o ensino médio em escolas públicas (Lei nº 12.711/2012).
MEDICINA	UFSJ	Divinópolis	MG	677.60	14	L	Candidatos com deficiência autodeclarados pretos, pardos ou indígenas que, independentemente da renda (art. 14, II, Portaria Normativa nº 18/2012), tenham cursado integralmente o ensino médio em escolas públicas (Lei nº 12.711/2012).
MEDICINA	UFSJ	Divinópolis	MG	765.06	5	L	Candidatos que, independentemente da renda (art. 14, II, Portaria Normativa nº 18/2012), tenham cursado integralmente o ensino médio em escolas públicas (Lei nº 12.711/2012).
MEDICINA	UFJF	Governador Valadares	MG	778.02	0	A	Ampla concorrência
MEDICINA	UFJF	Governador Valadares	MG	728.80	2	L	Candidatos autodeclarados pretos, pardos ou indígenas, com renda familiar bruta per capita igual ou inferior a 1,5 salário mínimo e que tenham cursado integralmente o ensino médio em escolas públicas (Lei nº 12.711/2012).
MEDICINA	UFJF	Governador Valadares	MG	753.88	1	L	Candidatos com renda familiar bruta per capita igual ou inferior a 1,5 salário mínimo que tenham cursado integralmente o ensino médio em escolas públicas (Lei nº 12.711/2012).
MEDICINA	UFJF	Governador Valadares	MG	726.58	6	L	Candidatos autodeclarados pretos, pardos ou indígenas que, independentemente da renda (art. 14, II, Portaria Normativa nº 18/2012), tenham cursado integralmente o ensino médio em escolas públicas (Lei nº 12.711/2012).
MEDICINA	UFJF	Governador Valadares	MG	765.80	5	L	Candidatos que, independentemente da renda (art. 14, II, Portaria Normativa nº 18/2012), tenham cursado integralmente o ensino médio em escolas públicas (Lei nº 12.711/2012).
MEDICINA	UFJF	Juiz de Fora	MG	787.66	0	A	Ampla concorrência
MEDICINA	UFJF	Juiz de Fora	MG	731.54	2	L	Candidatos autodeclarados pretos, pardos ou indígenas, com renda familiar bruta per capita igual ou inferior a 1,5 salário mínimo e que tenham cursado integralmente o ensino médio em escolas públicas (Lei nº 12.711/2012).
MEDICINA	UFJF	Juiz de Fora	MG	706.96	10	L	Candidatos com deficiência autodeclarados pretos, pardos ou indígenas, que tenham renda familiar bruta per capita igual ou inferior a 1,5 salário mínimo e que tenham cursado integralmente o ensino médio em escolas públicas (Lei nº 12.711/2012)
MEDICINA	UFJF	Juiz de Fora	MG	761.02	1	L	Candidatos com renda familiar bruta per capita igual ou inferior a 1,5 salário mínimo que tenham cursado integralmente o ensino médio em escolas públicas (Lei nº 12.711/2012).
MEDICINA	UFJF	Juiz de Fora	MG	739.02	6	L	Candidatos autodeclarados pretos, pardos ou indígenas que, independentemente da renda (art. 14, II, Portaria Normativa nº 18/2012), tenham cursado integralmente o ensino médio em escolas públicas (Lei nº 12.711/2012).
MEDICINA	UFJF	Juiz de Fora	MG	672.88	14	L	Candidatos com deficiência autodeclarados pretos, pardos ou indígenas que, independentemente da renda (art. 14, II, Portaria Normativa nº 18/2012), tenham cursado integralmente o ensino médio em escolas públicas (Lei nº 12.711/2012).
MEDICINA	UFJF	Juiz de Fora	MG	776.86	5	L	Candidatos que, independentemente da renda (art. 14, II, Portaria Normativa nº 18/2012), tenham cursado integralmente o ensino médio em escolas públicas (Lei nº 12.711/2012).
MEDICINA	UFLA	Lavras	MG	783.08	0	A	Ampla concorrência
MEDICINA	UFLA	Lavras	MG	728.40	2	L	Candidatos autodeclarados pretos, pardos ou indígenas, com renda familiar bruta per capita igual ou inferior a 1,5 salário mínimo e que tenham cursado integralmente o ensino médio em escolas públicas (Lei nº 12.711/2012).
MEDICINA	UFLA	Lavras	MG	751.88	1	L	Candidatos com renda familiar bruta per capita igual ou inferior a 1,5 salário mínimo que tenham cursado integralmente o ensino médio em escolas públicas (Lei nº 12.711/2012).
MEDICINA	UFLA	Lavras	MG	733.78	6	L	Candidatos autodeclarados pretos, pardos ou indígenas que, independentemente da renda (art. 14, II, Portaria Normativa nº 18/2012), tenham cursado integralmente o ensino médio em escolas públicas (Lei nº 12.711/2012).
MEDICINA	UFLA	Lavras	MG	766.62	5	L	Candidatos que, independentemente da renda (art. 14, II, Portaria Normativa nº 18/2012), tenham cursado integralmente o ensino médio em escolas públicas (Lei nº 12.711/2012).
MEDICINA	UFOP	Ouro Preto	MG	798.89	0	A	Ampla concorrência
MEDICINA	UFOP	Ouro Preto	MG	748.69	2	L	Candidatos autodeclarados pretos, pardos ou indígenas, com renda familiar bruta per capita igual ou inferior a 1,5 salário mínimo e que tenham cursado integralmente o ensino médio em escolas públicas (Lei nº 12.711/2012).
MEDICINA	UFOP	Ouro Preto	MG	679.40	10	L	Candidatos com deficiência autodeclarados pretos, pardos ou indígenas, que tenham renda familiar bruta per capita igual ou inferior a 1,5 salário mínimo e que tenham cursado integralmente o ensino médio em escolas públicas (Lei nº 12.711/2012)
MEDICINA	UFOP	Ouro Preto	MG	796.21	1	L	Candidatos com renda familiar bruta per capita igual ou inferior a 1,5 salário mínimo que tenham cursado integralmente o ensino médio em escolas públicas (Lei nº 12.711/2012).
MEDICINA	UFOP	Ouro Preto	MG	753.39	6	L	Candidatos autodeclarados pretos, pardos ou indígenas que, independentemente da renda (art. 14, II, Portaria Normativa nº 18/2012), tenham cursado integralmente o ensino médio em escolas públicas (Lei nº 12.711/2012).
MEDICINA	UFOP	Ouro Preto	MG	690.53	14	L	Candidatos com deficiência autodeclarados pretos, pardos ou indígenas que, independentemente da renda (art. 14, II, Portaria Normativa nº 18/2012), tenham cursado integralmente o ensino médio em escolas públicas (Lei nº 12.711/2012).
MEDICINA	UFOP	Ouro Preto	MG	796.19	5	L	Candidatos que, independentemente da renda (art. 14, II, Portaria Normativa nº 18/2012), tenham cursado integralmente o ensino médio em escolas públicas (Lei nº 12.711/2012).
MEDICINA	UFSJ	São João del Rei	MG	776.38	0	A	Ampla concorrência
MEDICINA	UFSJ	São João del Rei	MG	729.31	2	L	Candidatos autodeclarados pretos, pardos ou indígenas, com renda familiar bruta per capita igual ou inferior a 1,5 salário mínimo e que tenham cursado integralmente o ensino médio em escolas públicas (Lei nº 12.711/2012).
MEDICINA	UFSJ	São João del Rei	MG	702.13	10	L	Candidatos com deficiência autodeclarados pretos, pardos ou indígenas, que tenham renda familiar bruta per capita igual ou inferior a 1,5 salário mínimo e que tenham cursado integralmente o ensino médio em escolas públicas (Lei nº 12.711/2012)
MEDICINA	UFSJ	São João del Rei	MG	756.81	1	L	Candidatos com renda familiar bruta per capita igual ou inferior a 1,5 salário mínimo que tenham cursado integralmente o ensino médio em escolas públicas (Lei nº 12.711/2012).
MEDICINA	UFSJ	São João del Rei	MG	732.10	6	L	Candidatos autodeclarados pretos, pardos ou indígenas que, independentemente da renda (art. 14, II, Portaria Normativa nº 18/2012), tenham cursado integralmente o ensino médio em escolas públicas (Lei nº 12.711/2012).
MEDICINA	UFSJ	São João del Rei	MG	667.00	14	L	Candidatos com deficiência autodeclarados pretos, pardos ou indígenas que, independentemente da renda (art. 14, II, Portaria Normativa nº 18/2012), tenham cursado integralmente o ensino médio em escolas públicas (Lei nº 12.711/2012).
MEDICINA	UFSJ	São João del Rei	MG	763.68	5	L	Candidatos que, independentemente da renda (art. 14, II, Portaria Normativa nº 18/2012), tenham cursado integralmente o ensino médio em escolas públicas (Lei nº 12.711/2012).
MEDICINA	UFVJM	Teófilo Otoni	MG	783.00	0	A	Ampla concorrência
MEDICINA	UFVJM	Teófilo Otoni	MG	732.85	2	L	Candidatos autodeclarados pretos, pardos ou indígenas, com renda familiar bruta per capita igual ou inferior a 1,5 salário mínimo e que tenham cursado integralmente o ensino médio em escolas públicas (Lei nº 12.711/2012).
MEDICINA	UFVJM	Teófilo Otoni	MG	750.81	1	L	Candidatos com renda familiar bruta per capita igual ou inferior a 1,5 salário mínimo que tenham cursado integralmente o ensino médio em escolas públicas (Lei nº 12.711/2012).
MEDICINA	UFVJM	Teófilo Otoni	MG	735.15	6	L	Candidatos autodeclarados pretos, pardos ou indígenas que, independentemente da renda (art. 14, II, Portaria Normativa nº 18/2012), tenham cursado integralmente o ensino médio em escolas públicas (Lei nº 12.711/2012).
MEDICINA	UFVJM	Teófilo Otoni	MG	771.21	5	L	Candidatos que, independentemente da renda (art. 14, II, Portaria Normativa nº 18/2012), tenham cursado integralmente o ensino médio em escolas públicas (Lei nº 12.711/2012).
MEDICINA	UFTM	Uberaba	MG	772.36	0	A	Ampla concorrência
MEDICINA	UFTM	Uberaba	MG	697.53	2	L	Candidatos autodeclarados pretos, pardos ou indígenas, com renda familiar bruta per capita igual ou inferior a 1,5 salário mínimo e que tenham cursado integralmente o ensino médio em escolas públicas (Lei nº 12.711/2012).
MEDICINA	UFTM	Uberaba	MG	.00	10	L	Candidatos com deficiência autodeclarados pretos, pardos ou indígenas, que tenham renda familiar bruta per capita igual ou inferior a 1,5 salário mínimo e que tenham cursado integralmente o ensino médio em escolas públicas (Lei nº 12.711/2012)
MEDICINA	UFTM	Uberaba	MG	749.14	1	L	Candidatos com renda familiar bruta per capita igual ou inferior a 1,5 salário mínimo que tenham cursado integralmente o ensino médio em escolas públicas (Lei nº 12.711/2012).
MEDICINA	UFTM	Uberaba	MG	726.00	6	L	Candidatos autodeclarados pretos, pardos ou indígenas que, independentemente da renda (art. 14, II, Portaria Normativa nº 18/2012), tenham cursado integralmente o ensino médio em escolas públicas (Lei nº 12.711/2012).
MEDICINA	UFTM	Uberaba	MG	660.29	14	L	Candidatos com deficiência autodeclarados pretos, pardos ou indígenas que, independentemente da renda (art. 14, II, Portaria Normativa nº 18/2012), tenham cursado integralmente o ensino médio em escolas públicas (Lei nº 12.711/2012).
MEDICINA	UFTM	Uberaba	MG	754.10	5	L	Candidatos que, independentemente da renda (art. 14, II, Portaria Normativa nº 18/2012), tenham cursado integralmente o ensino médio em escolas públicas (Lei nº 12.711/2012).
MEDICINA	UFGD	Dourados	MS	776.76	0	A	Ampla concorrência
MEDICINA	UFGD	Dourados	MS	724.40	2	L	Candidatos autodeclarados pretos, pardos ou indígenas, com renda familiar bruta per capita igual ou inferior a 1,5 salário mínimo e que tenham cursado integralmente o ensino médio em escolas públicas (Lei nº 12.711/2012).
MEDICINA	UFGD	Dourados	MS	754.04	1	L	Candidatos com renda familiar bruta per capita igual ou inferior a 1,5 salário mínimo que tenham cursado integralmente o ensino médio em escolas públicas (Lei nº 12.711/2012).
MEDICINA	UFGD	Dourados	MS	740.76	6	L	Candidatos autodeclarados pretos, pardos ou indígenas que, independentemente da renda (art. 14, II, Portaria Normativa nº 18/2012), tenham cursado integralmente o ensino médio em escolas públicas (Lei nº 12.711/2012).
MEDICINA	UFGD	Dourados	MS	769.30	5	L	Candidatos que, independentemente da renda (art. 14, II, Portaria Normativa nº 18/2012), tenham cursado integralmente o ensino médio em escolas públicas (Lei nº 12.711/2012).
MEDICINA	UFCG	Campina Grande	PB	778.12	0	A	Ampla concorrência
MEDICINA	UFCG	Campina Grande	PB	732.30	2	L	Candidatos autodeclarados pretos, pardos ou indígenas, com renda familiar bruta per capita igual ou inferior a 1,5 salário mínimo e que tenham cursado integralmente o ensino médio em escolas públicas (Lei nº 12.711/2012).
MEDICINA	UFCG	Campina Grande	PB	699.12	10	L	Candidatos com deficiência autodeclarados pretos, pardos ou indígenas, que tenham renda familiar bruta per capita igual ou inferior a 1,5 salário mínimo e que tenham cursado integralmente o ensino médio em escolas públicas (Lei nº 12.711/2012)
MEDICINA	UFCG	Campina Grande	PB	750.90	1	L	Candidatos com renda familiar bruta per capita igual ou inferior a 1,5 salário mínimo que tenham cursado integralmente o ensino médio em escolas públicas (Lei nº 12.711/2012).
MEDICINA	UFCG	Campina Grande	PB	764.96	9	L	Candidatos com deficiência que tenham renda familiar bruta per capita igual ou inferior a 1,5 salário mínimo e que tenham cursado integralmente o ensino médio em escolas públicas (Lei nº 12.711/2012).
MEDICINA	UFCG	Campina Grande	PB	735.10	6	L	Candidatos autodeclarados pretos, pardos ou indígenas que, independentemente da renda (art. 14, II, Portaria Normativa nº 18/2012), tenham cursado integralmente o ensino médio em escolas públicas (Lei nº 12.711/2012).
MEDICINA	UFCG	Campina Grande	PB	674.02	14	L	Candidatos com deficiência autodeclarados pretos, pardos ou indígenas que, independentemente da renda (art. 14, II, Portaria Normativa nº 18/2012), tenham cursado integralmente o ensino médio em escolas públicas (Lei nº 12.711/2012).
MEDICINA	UFCG	Campina Grande	PB	760.10	5	L	Candidatos que, independentemente da renda (art. 14, II, Portaria Normativa nº 18/2012), tenham cursado integralmente o ensino médio em escolas públicas (Lei nº 12.711/2012).
MEDICINA	UFCG	Campina Grande	PB	681.24	13	L	Candidatos com deficiência que, independentemente da renda (art. 14, II, Portaria Normativa nº 18/2012), tenham cursado integralmente o ensino médio em escolas públicas (Lei nº 12.711/2012).
MEDICINA	UFDPAR	Parnaíba	PI	768.37	0	A	Ampla concorrência
MEDICINA	UFDPAR	Parnaíba	PI	713.49	2	L	Candidatos autodeclarados pretos, pardos ou indígenas, com renda familiar bruta per capita igual ou inferior a 1,5 salário mínimo e que tenham cursado integralmente o ensino médio em escolas públicas (Lei nº 12.711/2012).
MEDICINA	UFDPAR	Parnaíba	PI	664.26	10	L	Candidatos com deficiência autodeclarados pretos, pardos ou indígenas, que tenham renda familiar bruta per capita igual ou inferior a 1,5 salário mínimo e que tenham cursado integralmente o ensino médio em escolas públicas (Lei nº 12.711/2012)
MEDICINA	UFDPAR	Parnaíba	PI	754.95	1	L	Candidatos com renda familiar bruta per capita igual ou inferior a 1,5 salário mínimo que tenham cursado integralmente o ensino médio em escolas públicas (Lei nº 12.711/2012).
MEDICINA	UFDPAR	Parnaíba	PI	742.12	9	L	Candidatos com deficiência que tenham renda familiar bruta per capita igual ou inferior a 1,5 salário mínimo e que tenham cursado integralmente o ensino médio em escolas públicas (Lei nº 12.711/2012).
MEDICINA	UFDPAR	Parnaíba	PI	710.02	6	L	Candidatos autodeclarados pretos, pardos ou indígenas que, independentemente da renda (art. 14, II, Portaria Normativa nº 18/2012), tenham cursado integralmente o ensino médio em escolas públicas (Lei nº 12.711/2012).
MEDICINA	UFDPAR	Parnaíba	PI	672.65	14	L	Candidatos com deficiência autodeclarados pretos, pardos ou indígenas que, independentemente da renda (art. 14, II, Portaria Normativa nº 18/2012), tenham cursado integralmente o ensino médio em escolas públicas (Lei nº 12.711/2012).
MEDICINA	UFDPAR	Parnaíba	PI	753.16	5	L	Candidatos que, independentemente da renda (art. 14, II, Portaria Normativa nº 18/2012), tenham cursado integralmente o ensino médio em escolas públicas (Lei nº 12.711/2012).
MEDICINA	UFDPAR	Parnaíba	PI	687.48	13	L	Candidatos com deficiência que, independentemente da renda (art. 14, II, Portaria Normativa nº 18/2012), tenham cursado integralmente o ensino médio em escolas públicas (Lei nº 12.711/2012).
MEDICINA	UFPI	Picos	PI	761.33	0	A	Ampla concorrência
MEDICINA	UFPI	Picos	PI	713.49	2	L	Candidatos autodeclarados pretos, pardos ou indígenas, com renda familiar bruta per capita igual ou inferior a 1,5 salário mínimo e que tenham cursado integralmente o ensino médio em escolas públicas (Lei nº 12.711/2012).
MEDICINA	UFPI	Picos	PI	664.52	10	L	Candidatos com deficiência autodeclarados pretos, pardos ou indígenas, que tenham renda familiar bruta per capita igual ou inferior a 1,5 salário mínimo e que tenham cursado integralmente o ensino médio em escolas públicas (Lei nº 12.711/2012)
MEDICINA	UFPI	Picos	PI	737.72	1	L	Candidatos com renda familiar bruta per capita igual ou inferior a 1,5 salário mínimo que tenham cursado integralmente o ensino médio em escolas públicas (Lei nº 12.711/2012).
MEDICINA	UFPI	Picos	PI	639.02	9	L	Candidatos com deficiência que tenham renda familiar bruta per capita igual ou inferior a 1,5 salário mínimo e que tenham cursado integralmente o ensino médio em escolas públicas (Lei nº 12.711/2012).
MEDICINA	UFPI	Picos	PI	718.88	6	L	Candidatos autodeclarados pretos, pardos ou indígenas que, independentemente da renda (art. 14, II, Portaria Normativa nº 18/2012), tenham cursado integralmente o ensino médio em escolas públicas (Lei nº 12.711/2012).
MEDICINA	UFPI	Picos	PI	632.49	14	L	Candidatos com deficiência autodeclarados pretos, pardos ou indígenas que, independentemente da renda (art. 14, II, Portaria Normativa nº 18/2012), tenham cursado integralmente o ensino médio em escolas públicas (Lei nº 12.711/2012).
MEDICINA	UFPI	Picos	PI	753.42	5	L	Candidatos que, independentemente da renda (art. 14, II, Portaria Normativa nº 18/2012), tenham cursado integralmente o ensino médio em escolas públicas (Lei nº 12.711/2012).
MEDICINA	UFPI	Teresina	PI	778.07	0	A	Ampla concorrência
MEDICINA	UFPI	Teresina	PI	707.50	2	L	Candidatos autodeclarados pretos, pardos ou indígenas, com renda familiar bruta per capita igual ou inferior a 1,5 salário mínimo e que tenham cursado integralmente o ensino médio em escolas públicas (Lei nº 12.711/2012).
MEDICINA	UFPI	Teresina	PI	639.38	10	L	Candidatos com deficiência autodeclarados pretos, pardos ou indígenas, que tenham renda familiar bruta per capita igual ou inferior a 1,5 salário mínimo e que tenham cursado integralmente o ensino médio em escolas públicas (Lei nº 12.711/2012)
MEDICINA	UFPI	Teresina	PI	753.01	1	L	Candidatos com renda familiar bruta per capita igual ou inferior a 1,5 salário mínimo que tenham cursado integralmente o ensino médio em escolas públicas (Lei nº 12.711/2012).
MEDICINA	UFPI	Teresina	PI	693.44	9	L	Candidatos com deficiência que tenham renda familiar bruta per capita igual ou inferior a 1,5 salário mínimo e que tenham cursado integralmente o ensino médio em escolas públicas (Lei nº 12.711/2012).
MEDICINA	UFPI	Teresina	PI	726.53	6	L	Candidatos autodeclarados pretos, pardos ou indígenas que, independentemente da renda (art. 14, II, Portaria Normativa nº 18/2012), tenham cursado integralmente o ensino médio em escolas públicas (Lei nº 12.711/2012).
MEDICINA	UFPI	Teresina	PI	685.08	14	L	Candidatos com deficiência autodeclarados pretos, pardos ou indígenas que, independentemente da renda (art. 14, II, Portaria Normativa nº 18/2012), tenham cursado integralmente o ensino médio em escolas públicas (Lei nº 12.711/2012).
MEDICINA	UFPI	Teresina	PI	757.42	5	L	Candidatos que, independentemente da renda (art. 14, II, Portaria Normativa nº 18/2012), tenham cursado integralmente o ensino médio em escolas públicas (Lei nº 12.711/2012).
MEDICINA	UFPI	Teresina	PI	687.48	13	L	Candidatos com deficiência que, independentemente da renda (art. 14, II, Portaria Normativa nº 18/2012), tenham cursado integralmente o ensino médio em escolas públicas (Lei nº 12.711/2012).
MEDICINA	UFRJ	Macaé	RJ	797.92	0	A	Ampla concorrência
MEDICINA	UFRJ	Macaé	RJ	751.08	2	L	Candidatos autodeclarados pretos, pardos ou indígenas, com renda familiar bruta per capita igual ou inferior a 1,5 salário mínimo e que tenham cursado integralmente o ensino médio em escolas públicas (Lei nº 12.711/2012).
MEDICINA	UFRJ	Macaé	RJ	774.11	1	L	Candidatos com renda familiar bruta per capita igual ou inferior a 1,5 salário mínimo que tenham cursado integralmente o ensino médio em escolas públicas (Lei nº 12.711/2012).
MEDICINA	UFRJ	Macaé	RJ	763.18	6	L	Candidatos autodeclarados pretos, pardos ou indígenas que, independentemente da renda (art. 14, II, Portaria Normativa nº 18/2012), tenham cursado integralmente o ensino médio em escolas públicas (Lei nº 12.711/2012).
MEDICINA	UFRJ	Macaé	RJ	788.20	5	L	Candidatos que, independentemente da renda (art. 14, II, Portaria Normativa nº 18/2012), tenham cursado integralmente o ensino médio em escolas públicas (Lei nº 12.711/2012).
MEDICINA	UFF	Niterói	RJ	785.79	0	A	Ampla concorrência
MEDICINA	UFF	Niterói	RJ	720.79	2	L	Candidatos autodeclarados pretos, pardos ou indígenas, com renda familiar bruta per capita igual ou inferior a 1,5 salário mínimo e que tenham cursado integralmente o ensino médio em escolas públicas (Lei nº 12.711/2012).
MEDICINA	UFF	Niterói	RJ	603.49	10	L	Candidatos com deficiência autodeclarados pretos, pardos ou indígenas, que tenham renda familiar bruta per capita igual ou inferior a 1,5 salário mínimo e que tenham cursado integralmente o ensino médio em escolas públicas (Lei nº 12.711/2012)
MEDICINA	UFF	Niterói	RJ	748.45	1	L	Candidatos com renda familiar bruta per capita igual ou inferior a 1,5 salário mínimo que tenham cursado integralmente o ensino médio em escolas públicas (Lei nº 12.711/2012).
MEDICINA	UFF	Niterói	RJ	681.92	9	L	Candidatos com deficiência que tenham renda familiar bruta per capita igual ou inferior a 1,5 salário mínimo e que tenham cursado integralmente o ensino médio em escolas públicas (Lei nº 12.711/2012).
MEDICINA	UFF	Niterói	RJ	729.27	6	L	Candidatos autodeclarados pretos, pardos ou indígenas que, independentemente da renda (art. 14, II, Portaria Normativa nº 18/2012), tenham cursado integralmente o ensino médio em escolas públicas (Lei nº 12.711/2012).
MEDICINA	UFF	Niterói	RJ	675.67	14	L	Candidatos com deficiência autodeclarados pretos, pardos ou indígenas que, independentemente da renda (art. 14, II, Portaria Normativa nº 18/2012), tenham cursado integralmente o ensino médio em escolas públicas (Lei nº 12.711/2012).
MEDICINA	UFF	Niterói	RJ	773.29	5	L	Candidatos que, independentemente da renda (art. 14, II, Portaria Normativa nº 18/2012), tenham cursado integralmente o ensino médio em escolas públicas (Lei nº 12.711/2012).
MEDICINA	UFF	Niterói	RJ	725.86	13	L	Candidatos com deficiência que, independentemente da renda (art. 14, II, Portaria Normativa nº 18/2012), tenham cursado integralmente o ensino médio em escolas públicas (Lei nº 12.711/2012).
MEDICINA	UFRJ	Rio de Janeiro	RJ	812.69	0	A	Ampla concorrência
MEDICINA	UFRJ	Rio de Janeiro	RJ	763.58	2	L	Candidatos autodeclarados pretos, pardos ou indígenas, com renda familiar bruta per capita igual ou inferior a 1,5 salário mínimo e que tenham cursado integralmente o ensino médio em escolas públicas (Lei nº 12.711/2012).
MEDICINA	UFRJ	Rio de Janeiro	RJ	700.57	10	L	Candidatos com deficiência autodeclarados pretos, pardos ou indígenas, que tenham renda familiar bruta per capita igual ou inferior a 1,5 salário mínimo e que tenham cursado integralmente o ensino médio em escolas públicas (Lei nº 12.711/2012)
MEDICINA	UFRJ	Rio de Janeiro	RJ	779.08	1	L	Candidatos com renda familiar bruta per capita igual ou inferior a 1,5 salário mínimo que tenham cursado integralmente o ensino médio em escolas públicas (Lei nº 12.711/2012).
MEDICINA	UFRJ	Rio de Janeiro	RJ	726.00	9	L	Candidatos com deficiência que tenham renda familiar bruta per capita igual ou inferior a 1,5 salário mínimo e que tenham cursado integralmente o ensino médio em escolas públicas (Lei nº 12.711/2012).
MEDICINA	UFRJ	Rio de Janeiro	RJ	763.05	6	L	Candidatos autodeclarados pretos, pardos ou indígenas que, independentemente da renda (art. 14, II, Portaria Normativa nº 18/2012), tenham cursado integralmente o ensino médio em escolas públicas (Lei nº 12.711/2012).
MEDICINA	UFRJ	Rio de Janeiro	RJ	747.86	14	L	Candidatos com deficiência autodeclarados pretos, pardos ou indígenas que, independentemente da renda (art. 14, II, Portaria Normativa nº 18/2012), tenham cursado integralmente o ensino médio em escolas públicas (Lei nº 12.711/2012).
MEDICINA	UFRJ	Rio de Janeiro	RJ	799.07	5	L	Candidatos que, independentemente da renda (art. 14, II, Portaria Normativa nº 18/2012), tenham cursado integralmente o ensino médio em escolas públicas (Lei nº 12.711/2012).
MEDICINA	UFRJ	Rio de Janeiro	RJ	748.13	13	L	Candidatos com deficiência que, independentemente da renda (art. 14, II, Portaria Normativa nº 18/2012), tenham cursado integralmente o ensino médio em escolas públicas (Lei nº 12.711/2012).
MEDICINA	UNIRIO	Rio de Janeiro	RJ	779.24	0	A	Ampla concorrência
MEDICINA	UNIRIO	Rio de Janeiro	RJ	721.98	3	L	Candidatos autodeclarados pretos ou pardos, com renda familiar bruta per capita igual ou inferior a 1,5 salário mínimo que tenham cursado integralmente o ensino médio em escolas públicas (Lei nº 12.711/2012).
MEDICINA	UNIRIO	Rio de Janeiro	RJ	683.50	4	L	Candidatos autodeclarados indígenas, com renda familiar bruta per capita igual ou inferior a 1,5 salário mínimo e  que tenham cursado integralmente o ensino médio em escolas públicas (Lei nº 12.711/2012).
MEDICINA	UNIRIO	Rio de Janeiro	RJ	651.44	11	L	Candidatos com deficiência autodeclarados pretos ou pardos, que tenham renda familiar bruta per capita igual ou inferior a 1,5 salário mínimo e que tenham cursado integralmente o ensino médio em escolas públicas (Lei nº 12.711/2012).
MEDICINA	UNIRIO	Rio de Janeiro	RJ	745.96	1	L	Candidatos com renda familiar bruta per capita igual ou inferior a 1,5 salário mínimo que tenham cursado integralmente o ensino médio em escolas públicas (Lei nº 12.711/2012).
MEDICINA	UNIRIO	Rio de Janeiro	RJ	675.38	9	L	Candidatos com deficiência que tenham renda familiar bruta per capita igual ou inferior a 1,5 salário mínimo e que tenham cursado integralmente o ensino médio em escolas públicas (Lei nº 12.711/2012).
MEDICINA	UNIRIO	Rio de Janeiro	RJ	730.58	7	L	Candidatos autodeclarados pretos ou pardos que, independentemente da renda (art. 14, II, Portaria Normativa nº 18/2012), tenham cursado integralmente o ensino médio em escolas públicas (Lei nº 12.711/2012).
MEDICINA	UNIRIO	Rio de Janeiro	RJ	708.76	8	L	Candidatos autodeclarados indígenas que, independentemente da renda (art. 14, II, Portaria Normativa nº 18/2012), tenham cursado integralmente o ensino médio em escolas públicas (Lei nº 12.711/2012).
MEDICINA	UNIRIO	Rio de Janeiro	RJ	675.96	15	L	Candidatos com deficiência autodeclarados pretos ou pardos que, independentemente da renda (art. 14, II, Portaria Normativa nº 18/2012), tenham cursado integralmente o ensino médio em escolas públicas (Lei nº 12.711/2012).
MEDICINA	UNIRIO	Rio de Janeiro	RJ	771.16	5	L	Candidatos que, independentemente da renda (art. 14, II, Portaria Normativa nº 18/2012), tenham cursado integralmente o ensino médio em escolas públicas (Lei nº 12.711/2012).
MEDICINA	UNIRIO	Rio de Janeiro	RJ	714.66	13	L	Candidatos com deficiência que, independentemente da renda (art. 14, II, Portaria Normativa nº 18/2012), tenham cursado integralmente o ensino médio em escolas públicas (Lei nº 12.711/2012).
MEDICINA	UFPEL	Pelotas	RS	777.68	0	A	Ampla concorrência
MEDICINA	UFPEL	Pelotas	RS	722.40	2	L	Candidatos autodeclarados pretos, pardos ou indígenas, com renda familiar bruta per capita igual ou inferior a 1,5 salário mínimo e que tenham cursado integralmente o ensino médio em escolas públicas (Lei nº 12.711/2012).
MEDICINA	UFPEL	Pelotas	RS	663.70	10	L	Candidatos com deficiência autodeclarados pretos, pardos ou indígenas, que tenham renda familiar bruta per capita igual ou inferior a 1,5 salário mínimo e que tenham cursado integralmente o ensino médio em escolas públicas (Lei nº 12.711/2012)
MEDICINA	UFPEL	Pelotas	RS	743.38	1	L	Candidatos com renda familiar bruta per capita igual ou inferior a 1,5 salário mínimo que tenham cursado integralmente o ensino médio em escolas públicas (Lei nº 12.711/2012).
MEDICINA	UFPEL	Pelotas	RS	729.04	6	L	Candidatos autodeclarados pretos, pardos ou indígenas que, independentemente da renda (art. 14, II, Portaria Normativa nº 18/2012), tenham cursado integralmente o ensino médio em escolas públicas (Lei nº 12.711/2012).
MEDICINA	UFPEL	Pelotas	RS	764.12	5	L	Candidatos que, independentemente da renda (art. 14, II, Portaria Normativa nº 18/2012), tenham cursado integralmente o ensino médio em escolas públicas (Lei nº 12.711/2012).
MEDICINA	UFSM	Santa Maria	RS	776.86	0	A	Ampla concorrência
MEDICINA	UFSM	Santa Maria	RS	723.30	2	L	Candidatos autodeclarados pretos, pardos ou indígenas, com renda familiar bruta per capita igual ou inferior a 1,5 salário mínimo e que tenham cursado integralmente o ensino médio em escolas públicas (Lei nº 12.711/2012).
MEDICINA	UFSM	Santa Maria	RS	690.60	10	L	Candidatos com deficiência autodeclarados pretos, pardos ou indígenas, que tenham renda familiar bruta per capita igual ou inferior a 1,5 salário mínimo e que tenham cursado integralmente o ensino médio em escolas públicas (Lei nº 12.711/2012)
MEDICINA	UFSM	Santa Maria	RS	745.96	1	L	Candidatos com renda familiar bruta per capita igual ou inferior a 1,5 salário mínimo que tenham cursado integralmente o ensino médio em escolas públicas (Lei nº 12.711/2012).
MEDICINA	UFSM	Santa Maria	RS	684.78	9	L	Candidatos com deficiência que tenham renda familiar bruta per capita igual ou inferior a 1,5 salário mínimo e que tenham cursado integralmente o ensino médio em escolas públicas (Lei nº 12.711/2012).
MEDICINA	UFSM	Santa Maria	RS	732.84	6	L	Candidatos autodeclarados pretos, pardos ou indígenas que, independentemente da renda (art. 14, II, Portaria Normativa nº 18/2012), tenham cursado integralmente o ensino médio em escolas públicas (Lei nº 12.711/2012).
MEDICINA	UFSM	Santa Maria	RS	.00	14	L	Candidatos com deficiência autodeclarados pretos, pardos ou indígenas que, independentemente da renda (art. 14, II, Portaria Normativa nº 18/2012), tenham cursado integralmente o ensino médio em escolas públicas (Lei nº 12.711/2012).
MEDICINA	UFSM	Santa Maria	RS	771.28	5	L	Candidatos que, independentemente da renda (art. 14, II, Portaria Normativa nº 18/2012), tenham cursado integralmente o ensino médio em escolas públicas (Lei nº 12.711/2012).
MEDICINA	UFSM	Santa Maria	RS	714.66	13	L	Candidatos com deficiência que, independentemente da renda (art. 14, II, Portaria Normativa nº 18/2012), tenham cursado integralmente o ensino médio em escolas públicas (Lei nº 12.711/2012).
MEDICINA	UNIPAMPA	Uruguaiana	RS	772.20	0	A	Ampla concorrência
MEDICINA	UNIPAMPA	Uruguaiana	RS	717.82	2	L	Candidatos autodeclarados pretos, pardos ou indígenas, com renda familiar bruta per capita igual ou inferior a 1,5 salário mínimo e que tenham cursado integralmente o ensino médio em escolas públicas (Lei nº 12.711/2012).
MEDICINA	UNIPAMPA	Uruguaiana	RS	523.14	10	L	Candidatos com deficiência autodeclarados pretos, pardos ou indígenas, que tenham renda familiar bruta per capita igual ou inferior a 1,5 salário mínimo e que tenham cursado integralmente o ensino médio em escolas públicas (Lei nº 12.711/2012)
MEDICINA	UNIPAMPA	Uruguaiana	RS	735.80	1	L	Candidatos com renda familiar bruta per capita igual ou inferior a 1,5 salário mínimo que tenham cursado integralmente o ensino médio em escolas públicas (Lei nº 12.711/2012).
MEDICINA	UNIPAMPA	Uruguaiana	RS	680.78	9	L	Candidatos com deficiência que tenham renda familiar bruta per capita igual ou inferior a 1,5 salário mínimo e que tenham cursado integralmente o ensino médio em escolas públicas (Lei nº 12.711/2012).
MEDICINA	UNIPAMPA	Uruguaiana	RS	725.80	6	L	Candidatos autodeclarados pretos, pardos ou indígenas que, independentemente da renda (art. 14, II, Portaria Normativa nº 18/2012), tenham cursado integralmente o ensino médio em escolas públicas (Lei nº 12.711/2012).
MEDICINA	UNIPAMPA	Uruguaiana	RS	664.68	14	L	Candidatos com deficiência autodeclarados pretos, pardos ou indígenas que, independentemente da renda (art. 14, II, Portaria Normativa nº 18/2012), tenham cursado integralmente o ensino médio em escolas públicas (Lei nº 12.711/2012).
MEDICINA	UNIPAMPA	Uruguaiana	RS	764.70	5	L	Candidatos que, independentemente da renda (art. 14, II, Portaria Normativa nº 18/2012), tenham cursado integralmente o ensino médio em escolas públicas (Lei nº 12.711/2012).
MEDICINA	UNIPAMPA	Uruguaiana	RS	701.58	13	L	Candidatos com deficiência que, independentemente da renda (art. 14, II, Portaria Normativa nº 18/2012), tenham cursado integralmente o ensino médio em escolas públicas (Lei nº 12.711/2012).
MEDICINA	UNIPAMPA	Uruguaiana	RS	746.02	3934	V	Candidatos com deficiência (Denominada A1)
MEDICINA	UNIPAMPA	Uruguaiana	RS	806.28	3935	V	Candidatos Negros (pretos ou pardos) (Denominada A2)
MEDICINA	UFFS	Chapecó	SC	781.46	0	A	Ampla concorrência
MEDICINA	UFFS	Chapecó	SC	739.20	2	L	Candidatos autodeclarados pretos, pardos ou indígenas, com renda familiar bruta per capita igual ou inferior a 1,5 salário mínimo e que tenham cursado integralmente o ensino médio em escolas públicas (Lei nº 12.711/2012).
MEDICINA	UFFS	Chapecó	SC	744.00	1	L	Candidatos com renda familiar bruta per capita igual ou inferior a 1,5 salário mínimo que tenham cursado integralmente o ensino médio em escolas públicas (Lei nº 12.711/2012).
MEDICINA	UFFS	Chapecó	SC	707.02	9	L	Candidatos com deficiência que tenham renda familiar bruta per capita igual ou inferior a 1,5 salário mínimo e que tenham cursado integralmente o ensino médio em escolas públicas (Lei nº 12.711/2012).
MEDICINA	UFFS	Chapecó	SC	718.60	6	L	Candidatos autodeclarados pretos, pardos ou indígenas que, independentemente da renda (art. 14, II, Portaria Normativa nº 18/2012), tenham cursado integralmente o ensino médio em escolas públicas (Lei nº 12.711/2012).
MEDICINA	UFFS	Chapecó	SC	759.72	5	L	Candidatos que, independentemente da renda (art. 14, II, Portaria Normativa nº 18/2012), tenham cursado integralmente o ensino médio em escolas públicas (Lei nº 12.711/2012).
MEDICINA	UFFS	Chapecó	SC	706.48	13	L	Candidatos com deficiência que, independentemente da renda (art. 14, II, Portaria Normativa nº 18/2012), tenham cursado integralmente o ensino médio em escolas públicas (Lei nº 12.711/2012).
MEDICINA	UFFS	Chapecó	SC	682.20	3730	V	indígenas, condição que deve ser comprovada mediante apresentação do RANI (Registro Administrativo de Nascimento de Indígena) ou declaração atestada pela FUNAI.
MEDICINA	UFFS	Chapecó	SC	764.86	3669	V	que tenham cursado parcialmente o ensino médio em escola pública (pelo menos um ano com aprovação) ou em escolas de direito privado sem fins lucrativos, cujo orçamento da instituição seja proveniente do poder público, em pelo menos 50%.
MEDICINA	UFFS	Passo Fundo	RS	781.46	0	A	Ampla concorrência
MEDICINA	UFFS	Passo Fundo	RS	716.44	2	L	Candidatos autodeclarados pretos, pardos ou indígenas, com renda familiar bruta per capita igual ou inferior a 1,5 salário mínimo e que tenham cursado integralmente o ensino médio em escolas públicas (Lei nº 12.711/2012).
MEDICINA	UFFS	Passo Fundo	RS	738.40	1	L	Candidatos com renda familiar bruta per capita igual ou inferior a 1,5 salário mínimo que tenham cursado integralmente o ensino médio em escolas públicas (Lei nº 12.711/2012).
MEDICINA	UFFS	Passo Fundo	RS	707.02	9	L	Candidatos com deficiência que tenham renda familiar bruta per capita igual ou inferior a 1,5 salário mínimo e que tenham cursado integralmente o ensino médio em escolas públicas (Lei nº 12.711/2012).
MEDICINA	UFFS	Passo Fundo	RS	718.60	6	L	Candidatos autodeclarados pretos, pardos ou indígenas que, independentemente da renda (art. 14, II, Portaria Normativa nº 18/2012), tenham cursado integralmente o ensino médio em escolas públicas (Lei nº 12.711/2012).
MEDICINA	UFFS	Passo Fundo	RS	763.58	5	L	Candidatos que, independentemente da renda (art. 14, II, Portaria Normativa nº 18/2012), tenham cursado integralmente o ensino médio em escolas públicas (Lei nº 12.711/2012).
MEDICINA	UFFS	Passo Fundo	RS	711.64	13	L	Candidatos com deficiência que, independentemente da renda (art. 14, II, Portaria Normativa nº 18/2012), tenham cursado integralmente o ensino médio em escolas públicas (Lei nº 12.711/2012).
MEDICINA	UFFS	Passo Fundo	RS	688.58	3730	V	indígenas, condição que deve ser comprovada mediante apresentação do RANI (Registro Administrativo de Nascimento de Indígena) ou declaração atestada pela FUNAI.
MEDICINA	UFFS	Passo Fundo	RS	766.68	3669	V	que tenham cursado parcialmente o ensino médio em escola pública (pelo menos um ano com aprovação) ou em escolas de direito privado sem fins lucrativos, cujo orçamento da instituição seja proveniente do poder público, em pelo menos 50%.
MEDICINA	UFT	Araguaína	TO	782.47	0	A	Ampla concorrência
MEDICINA	UFT	Araguaína	TO	720.17	2	L	Candidatos autodeclarados pretos, pardos ou indígenas, com renda familiar bruta per capita igual ou inferior a 1,5 salário mínimo e que tenham cursado integralmente o ensino médio em escolas públicas (Lei nº 12.711/2012).
MEDICINA	UFT	Araguaína	TO	685.21	10	L	Candidatos com deficiência autodeclarados pretos, pardos ou indígenas, que tenham renda familiar bruta per capita igual ou inferior a 1,5 salário mínimo e que tenham cursado integralmente o ensino médio em escolas públicas (Lei nº 12.711/2012)
MEDICINA	UFT	Araguaína	TO	741.96	1	L	Candidatos com renda familiar bruta per capita igual ou inferior a 1,5 salário mínimo que tenham cursado integralmente o ensino médio em escolas públicas (Lei nº 12.711/2012).
MEDICINA	UFT	Araguaína	TO	717.71	6	L	Candidatos autodeclarados pretos, pardos ou indígenas que, independentemente da renda (art. 14, II, Portaria Normativa nº 18/2012), tenham cursado integralmente o ensino médio em escolas públicas (Lei nº 12.711/2012).
MEDICINA	UFT	Araguaína	TO	637.77	14	L	Candidatos com deficiência autodeclarados pretos, pardos ou indígenas que, independentemente da renda (art. 14, II, Portaria Normativa nº 18/2012), tenham cursado integralmente o ensino médio em escolas públicas (Lei nº 12.711/2012).
MEDICINA	UFT	Araguaína	TO	717.66	4001	V	Candidato (s) Indígenas
MEDICINA	UFT	Araguaína	TO	759.48	4002	V	Candidato (s) Quilombolas
MEDICINA	UFT	Palmas	TO	774.19	0	A	Ampla concorrência
MEDICINA	UFT	Palmas	TO	724.59	2	L	Candidatos autodeclarados pretos, pardos ou indígenas, com renda familiar bruta per capita igual ou inferior a 1,5 salário mínimo e que tenham cursado integralmente o ensino médio em escolas públicas (Lei nº 12.711/2012).
MEDICINA	UFT	Palmas	TO	663.26	10	L	Candidatos com deficiência autodeclarados pretos, pardos ou indígenas, que tenham renda familiar bruta per capita igual ou inferior a 1,5 salário mínimo e que tenham cursado integralmente o ensino médio em escolas públicas (Lei nº 12.711/2012)
MEDICINA	UFT	Palmas	TO	752.94	1	L	Candidatos com renda familiar bruta per capita igual ou inferior a 1,5 salário mínimo que tenham cursado integralmente o ensino médio em escolas públicas (Lei nº 12.711/2012).
MEDICINA	UFT	Palmas	TO	729.44	6	L	Candidatos autodeclarados pretos, pardos ou indígenas que, independentemente da renda (art. 14, II, Portaria Normativa nº 18/2012), tenham cursado integralmente o ensino médio em escolas públicas (Lei nº 12.711/2012).
MEDICINA	UFT	Palmas	TO	640.11	14	L	Candidatos com deficiência autodeclarados pretos, pardos ou indígenas que, independentemente da renda (art. 14, II, Portaria Normativa nº 18/2012), tenham cursado integralmente o ensino médio em escolas públicas (Lei nº 12.711/2012).
MEDICINA	UFT	Palmas	TO	805.66	5	L	Candidatos que, independentemente da renda (art. 14, II, Portaria Normativa nº 18/2012), tenham cursado integralmente o ensino médio em escolas públicas (Lei nº 12.711/2012).
MEDICINA	UFT	Palmas	TO	717.66	4001	V	Candidato (s) Indígenas
MEDICINA	UFT	Palmas	TO	742.46	4002	V	Candidato (s) Quilombolas
